source,n_nodes,n_edges,density,avg_degree,degree_gini,degree_entropy,n_components,giant_cc_ratio,avg_shortest_path_gcc,diameter_gcc,avg_clustering,assortativity,modularity,n_communities
2506.10974_graph,32,62,0.125,3.875,0.0,4.7137477439738955,3,0.59375,2.0584795321637426,4,0.6863906926406926,0.036641523292934984,0.5402372725927579,4
2506.22485_graph,27,78,0.2222222222222222,5.777777777777778,0.0,4.330735950700559,3,0.8148148148148148,1.826839826839827,4,0.5660923438701216,-0.17390962053219905,0.2121658862619629,4
2507.00914_graph,235,472,0.017166757592289507,4.017021276595744,0.0,7.296359980450967,30,0.4723404255319149,4.4522522522522525,9,0.36308207923351854,0.19943010786292703,0.8154475580112802,34
2505.17673_graph,43,79,0.08748615725359911,3.6744186046511627,0.0,4.936268143443519,4,0.813953488372093,2.665546218487395,5,0.40236675469233607,-0.3798795136193952,0.5424590253385705,8
2505.15047_graph,73,89,0.033866057838660577,2.4383561643835616,0.0,5.99850746762239,16,0.1506849315068493,2.3454545454545452,4,0.5210045662100456,-0.0758537322453902,0.8946951457684846,17
2505.00024_graph,38,60,0.08534850640113797,3.1578947368421053,0.0,4.79379688023472,2,0.8947368421052632,2.798573975044563,5,0.3651629072681704,-0.33844811505250166,0.6307881323817536,5
2504.13958_graph,94,185,0.04232441088995653,3.9361702127659575,0.0,5.930943479876524,5,0.776595744680851,3.9528158295281584,9,0.3764297168552488,-0.33121353617261673,0.6750978568829789,8
2506.09050_graph,211,480,0.021665538253215978,4.549763033175355,0.0,7.030373103842361,8,0.7156398104265402,5.812185430463576,16,0.30641837796958726,-0.2503147529258659,0.6791331155168234,14
2507.07906_graph,62,216,0.11422527763088314,6.967741935483871,0.0,5.22695135289874,9,0.5,1.6064516129032258,2,0.5966117555661493,-0.2817539240000853,0.3826144213647084,9
2504.13145_graph,54,120,0.08385744234800839,4.444444444444445,0.0,5.379516840580664,2,0.9444444444444444,4.2925490196078435,11,0.5289095980272451,-0.014223871366728333,0.5419589919494461,6
2505.22501_graph,42,69,0.08013937282229965,3.2857142857142856,0.0,5.177664018791071,6,0.40476190476190477,2.161764705882353,4,0.5272297808012093,0.3522660040231922,0.6946334015846805,8
2505.00753_graph,114,314,0.048750194069243906,5.508771929824562,0.0,6.177940662053247,16,0.49122807017543857,5.0811688311688314,12,0.26510049404786246,-0.3536605695308826,0.6348403588226923,17
2507.05257_graph,68,120,0.05267778753292362,3.5294117647058822,0.0,5.607898341218445,8,0.6911764705882353,3.322849213691027,8,0.3786100337570926,-0.21003800581265342,0.6866933036357098,10
2505.03049_graph,205,269,0.01286465805834529,2.624390243902439,0.0,7.198064606402714,25,0.424390243902439,4.278802459235498,8,0.3002472563304701,-0.255721405268939,0.8817208994361713,29
2507.13334_graph,353,600,0.00965748132886943,3.3994334277620397,0.0,7.727666382010839,42,0.4164305949008499,5.6403876619140805,14,0.23460758092858883,0.3658043485748477,0.8720886089339909,49
2505.00049_graph,111,176,0.02882882882882883,3.171171171171171,0.0,6.342228091841203,12,0.7207207207207207,4.427848101265822,10,0.2794590426943368,-0.24634222696073663,0.7871221624141865,17
2506.11763_graph,43,58,0.06423034330011074,2.697674418604651,0.0,5.105700182375629,5,0.5813953488372093,3.17,6,0.3184939091915836,-0.21412098634025173,0.6487557442717513,10
2505.02820_graph,67,110,0.04975124378109453,3.283582089552239,0.0,5.657150156128006,2,0.7761194029850746,3.9177978883861235,10,0.34027589326096785,0.013415653610240668,0.6242487858044186,7
2507.05723_graph,106,337,0.0605570530098832,6.3584905660377355,0.0,6.349209002903918,7,0.2830188679245283,3.567816091954023,7,0.583148193525552,0.7961892387523332,0.7760447128648551,8
2506.08800_graph,94,213,0.048730267673301304,4.531914893617022,0.0,6.094844356639278,4,0.8936170212765957,4.08491107286288,9,0.4130858503198929,-0.11508082292431988,0.6894460379527863,9
2506.20415_graph,90,151,0.03770287141073658,3.3555555555555556,0.0,6.107004655433074,8,0.5666666666666667,3.908235294117647,9,0.4665113281779948,0.13679399941611056,0.7781040893153383,12
2507.01717_graph,27,37,0.10541310541310542,2.740740740740741,0.0,4.569127987449839,3,0.6296296296296297,2.985294117647059,6,0.41366843033509704,-0.5601939700611429,0.7140156025836006,5
2507.01701_graph,56,153,0.09935064935064936,5.464285714285714,0.0,5.453866825402794,3,0.7678571428571429,3.2248062015503876,7,0.36956684188827044,-0.09604529631923851,0.6115747296231846,6
2505.16944_graph,90,181,0.04519350811485643,4.022222222222222,0.0,6.089387872793337,12,0.5111111111111111,3.085990338164251,7,0.5279812779812779,-0.09110689824289682,0.7190975015624228,15
2506.15567_graph,52,71,0.053544494720965306,2.730769230769231,0.0,5.459237482281776,10,0.19230769230769232,2.1777777777777776,4,0.4891025641025641,0.6424930918022714,0.8680564978297429,10
2506.21506_graph,78,131,0.043623043623043624,3.358974358974359,0.0,5.983024722396321,10,0.44871794871794873,3.384873949579832,8,0.532020757020757,-0.21691855793196446,0.7861767534508327,12
2506.18096_graph,120,230,0.03221288515406162,3.8333333333333335,0.0,6.314197082197723,20,0.11666666666666667,1.0,1,0.44747835497835503,0.7065416294301753,0.7783745650826805,20
2505.13909_graph,27,35,0.09971509971509972,2.5925925925925926,0.0,4.379602132444179,4,0.5185185185185185,2.197802197802198,4,0.3530864197530864,-0.24697043141056776,0.6174960229935685,5
2507.02197_graph,111,206,0.033742833742833746,3.7117117117117115,0.0,6.319997660609783,4,0.8018018018018018,4.625893769152196,11,0.41149631149631144,-0.23038437063815193,0.7323992672851302,8
2504.01990_graph,1152,1926,0.0029050825369244136,3.34375,0.0,9.615785191156164,103,0.6467013888888888,6.849696904091795,19,0.39625155905120346,-0.02216014114461272,0.8826685341144435,130
2507.01599_graph,49,72,0.061224489795918366,2.938775510204082,0.0,5.391681832877349,6,0.5102040816326531,3.13,7,0.393139853343935,-0.061113520882389895,0.7352764329814335,8
2507.14447_graph,60,95,0.05367231638418079,3.1666666666666665,0.0,5.665310031866633,5,0.75,4.216161616161616,10,0.48675084175084177,-0.16472761695370755,0.7525344325901581,9
2505.13388_graph,77,133,0.045454545454545456,3.4545454545454546,0.0,5.728086434159666,10,0.7272727272727273,3.6142857142857143,8,0.36691189307388894,-0.26469620522973614,0.690015924615699,14
2506.17188_graph,203,248,0.012095790859874165,2.4433497536945814,0.0,7.399794863131944,34,0.12807881773399016,3.9753846153846153,9,0.3440026585346782,-0.03585276785257362,0.9460624809792435,35
2505.20749_graph,63,99,0.05069124423963134,3.142857142857143,0.0,5.551949565515652,9,0.6190476190476191,3.3468286099865048,9,0.319432217331377,-0.08166192996569152,0.6198659010464759,12
2505.07773_graph,36,52,0.08253968253968254,2.888888888888889,0.0,4.659178185033592,8,0.5555555555555556,2.168421052631579,4,0.36520763187429856,0.010029717682020581,0.5554149080840894,10
2504.14520_graph,99,146,0.030096887239744383,2.9494949494949494,0.0,6.145464558277264,32,0.31313131313131315,2.804301075268817,6,0.3642135642135642,0.3167286757613342,0.8055018578559116,34
2505.13259_graph,112,249,0.04005791505791506,4.446428571428571,0.0,6.378831368809399,9,0.5267857142857143,3.5353594389246057,8,0.4838885834053901,-0.2522071906937649,0.7173079957660559,11
2504.20157_graph,45,97,0.09797979797979799,4.311111111111111,0.0,5.004715090840485,3,0.8,2.6904761904761907,5,0.5488171088171089,-0.1076267692730523,0.5194868232158469,6
2505.05177_graph,48,88,0.07801418439716312,3.6666666666666665,0.0,5.35774658322546,7,0.2916666666666667,1.8131868131868132,4,0.4262581168831168,-0.10049606005399614,0.7510853208453045,7
2507.06466_graph,119,241,0.03432559464463752,4.050420168067227,0.0,6.464088067288794,8,0.865546218487395,3.96097468113459,11,0.42301560940581767,-0.09978581263705451,0.6545820244301912,13
2505.20670_graph,37,128,0.1921921921921922,6.918918918918919,0.0,4.901934248902864,1,1.0,2.369369369369369,5,0.605985760397525,0.1274198152877544,0.3581088444617948,4
2504.09407_graph,100,141,0.028484848484848484,2.82,0.0,6.264737854808105,23,0.47,4.689176688251619,12,0.36828571428571427,-0.19653538785471622,0.8168198878763965,27
2504.20355_graph,22,59,0.2554112554112554,5.363636363636363,0.0,4.177058970762395,1,1.0,2.445887445887446,6,0.4527777777777777,0.2876338442158308,0.21771257993409873,3
2504.01931_graph,58,74,0.04476709013914096,2.5517241379310347,0.0,5.308811066867326,13,0.46551724137931033,2.3333333333333335,5,0.2928885347242345,0.004692479952425095,0.6092263927864623,15
2507.01594_graph,78,143,0.047619047619047616,3.6666666666666665,0.0,6.009302666551472,4,0.8589743589743589,5.033921302578019,12,0.21683964183964186,0.03509081290777678,0.6721421510502945,8
2504.09723_graph,52,100,0.07541478129713423,3.8461538461538463,0.0,5.325457597613119,5,0.5961538461538461,2.9075268817204303,7,0.5471905231520616,-0.12871287128712897,0.6553706666398768,7
2506.20670_graph,58,83,0.05021173623714459,2.8620689655172415,0.0,5.533315191809117,7,0.5,3.4704433497536944,9,0.4019567597153804,-0.14427860696517414,0.7633159164196394,11
2504.07357_graph,43,85,0.09413067552602436,3.953488372093023,0.0,5.146281894659166,7,0.37209302325581395,1.975,4,0.5896640826873385,0.04009843986362921,0.7075587371143677,8
2504.10918_graph,176,542,0.035194805194805195,6.159090909090909,0.0,6.749220937148229,10,0.8409090909090909,5.170251884537599,13,0.4753835444760067,-0.12738970857261497,0.664005206514515,15
2507.01413_graph,27,42,0.11965811965811966,3.111111111111111,0.0,4.410491372422549,5,0.5555555555555556,1.9714285714285715,4,0.36410934744268075,-0.03318596246629151,0.5100879248183147,6
2507.15865_graph,105,135,0.024725274725274724,2.5714285714285716,0.0,6.446669279287977,18,0.2761904761904762,3.0714285714285716,7,0.4078004535147392,0.23820766724366144,0.8691266294146683,20
2505.15734_graph,131,403,0.04732824427480916,6.152671755725191,0.0,6.314048148704624,14,0.648854961832061,2.8795518207282913,8,0.5039456591550253,0.2405713399476179,0.5045299999724357,20
2505.19443_graph,213,258,0.011427052883337762,2.4225352112676055,0.0,7.368895511057918,30,0.1784037558685446,4.142247510668564,9,0.2548736865638274,-0.2760312735972684,0.9177740223255346,35
2506.23978_graph,35,61,0.10252100840336134,3.4857142857142858,0.0,4.8637098888609005,6,0.42857142857142855,1.9428571428571428,3,0.6912698412698413,-0.10547925810562114,0.679202825134796,7
2505.07782_graph,336,410,0.00728500355366027,2.4404761904761907,0.0,7.39500074069093,99,0.46130952380952384,3.301633850020947,7,0.17070257730847624,-0.06802528374939824,0.7071390926074953,106
2507.00310_graph,119,137,0.019512889901723403,2.302521008403361,0.0,6.281829065582741,14,0.2689075630252101,1.9939516129032258,3,0.31047683441192564,-0.3183501913292321,0.8643241154378434,15
2507.02182_graph,76,133,0.04666666666666667,3.5,0.0,5.739661869622726,5,0.881578947368421,3.863410221619177,9,0.4388218019796967,-0.27939024641903654,0.617553277131451,10
2504.15228_graph,51,59,0.04627450980392157,2.3137254901960786,0.0,5.361480236449052,10,0.29411764705882354,2.380952380952381,4,0.274400871459695,-0.3154672395273898,0.8059227371327157,12
2506.23719_graph,54,102,0.07127882599580712,3.7777777777777777,0.0,5.464425209368558,5,0.7407407407407407,3.51025641025641,8,0.43772780717225157,-0.05393723593439211,0.7417573794586183,9
2505.18646_graph,49,121,0.10289115646258504,4.938775510204081,0.0,5.32859243160899,3,0.42857142857142855,2.0476190476190474,4,0.5317357245928674,-0.021661746492915798,0.6359690699653856,4
2505.20286_graph,15,16,0.1523809523809524,2.1333333333333333,0.0,3.757048827786958,5,0.3333333333333333,1.4,2,0.3777777777777777,0.2904073587385012,0.6051504197530864,6
2505.13941_graph,184,742,0.04407222618199097,8.065217391304348,0.0,6.93387445344429,9,0.8152173913043478,3.1835346756152125,8,0.5345052824102832,-0.13742092596108044,0.5416888273026172,14
2505.23695_graph,27,46,0.13105413105413105,3.4074074074074074,0.0,4.568058392546859,4,0.5555555555555556,2.1142857142857143,4,0.6598765432098765,-0.19933766399184846,0.6248875180194942,5
2506.08119_graph,55,77,0.05185185185185185,2.8,0.0,5.520155661610013,13,0.36363636363636365,3.1578947368421053,8,0.40099567099567096,0.18899373235071285,0.8007447445833851,15
2507.03724_graph,112,184,0.029601029601029602,3.2857142857142856,0.0,6.5607050613664155,13,0.25892857142857145,2.8891625615763545,6,0.39152494331065757,0.16352846478006308,0.8515540124860741,14
2504.10519_graph,15,23,0.21904761904761905,3.066666666666667,0.0,3.680716305335992,2,0.8666666666666667,2.128205128205128,4,0.45015873015873015,-0.0745406824146994,0.34689579808081067,4
2504.02495_graph,85,165,0.046218487394957986,3.8823529411764706,0.0,5.948919138810741,7,0.8117647058823529,3.7821824381926685,11,0.3316747313068566,-0.23762765404794914,0.5583111069248059,14
2506.20743_graph,194,305,0.016291864750814594,3.1443298969072164,0.0,6.510854728045808,61,0.5412371134020618,3.3772893772893773,7,0.2314832092811171,-0.09749640122169494,0.6119161202162684,66
2507.17289_graph,48,67,0.05939716312056738,2.7916666666666665,0.0,5.273596071534424,8,0.3541666666666667,2.389705882352941,4,0.2567956349206349,-0.15595093678393376,0.6909540437385854,9
2507.02554_graph,65,96,0.046153846153846156,2.953846153846154,0.0,5.646299173455131,5,0.8923076923076924,4.595886267392619,10,0.3767765567765568,-0.15274166863625596,0.7291411365696013,10
2506.23844_graph,178,259,0.016441312765822384,2.9101123595505616,0.0,6.980712548677952,11,0.6966292134831461,5.408471020194073,12,0.30124880260372655,-0.23636250938764483,0.7995748322924322,19
2507.06310_graph,45,75,0.07575757575757576,3.3333333333333335,0.0,5.25116100873268,7,0.3111111111111111,1.8571428571428572,4,0.41590828924162254,-0.16053980458113074,0.7328908370770815,8
2506.20640_graph,51,110,0.08627450980392157,4.313725490196078,0.0,5.18591917415614,3,0.8823529411764706,2.7808080808080806,6,0.4247972544647736,-0.2790314927306383,0.48155184892558167,7
2505.04638_graph,78,187,0.06227106227106227,4.794871794871795,0.0,5.8421936869657545,5,0.8205128205128205,3.1731150793650795,7,0.44325342050097943,0.10615864711145674,0.6245858003190924,9
2507.13874_graph,14,29,0.31868131868131866,4.142857142857143,0.0,3.638959884709682,1,1.0,1.9120879120879122,4,0.4984126984126984,-0.3906911142454158,0.2855743647618071,2
2504.06821_graph,30,44,0.10114942528735632,2.933333333333333,0.0,4.729922278882891,3,0.6666666666666666,2.836842105263158,6,0.3653968253968254,-0.029858657243816058,0.6295575003004326,6
2504.07421_graph,136,223,0.024291938997821352,3.2794117647058822,0.0,6.553590901421691,28,0.23529411764705882,2.3205645161290325,5,0.6215623296830044,0.49507022049304805,0.7904534319224653,29
2507.05178_graph,90,236,0.05892634207240949,5.2444444444444445,0.0,5.921226631701389,3,0.9555555555555556,4.306429548563612,11,0.4052482085815419,0.14522822937970223,0.5538317699520109,8
2505.16410_graph,103,188,0.03578907291071769,3.650485436893204,0.0,6.148703964519754,16,0.6990291262135923,3.4072769953051645,6,0.3443482623094274,0.17045585625141868,0.6728005719113084,21
2506.03828_graph,203,316,0.015412378676291274,3.1133004926108376,0.0,7.113403014945975,16,0.5517241379310345,5.01496138996139,15,0.24216828601065055,-0.19527701616264903,0.8076368972110962,23
2504.07079_graph,37,69,0.1036036036036036,3.72972972972973,0.0,5.0005229175311126,3,0.918918918918919,3.6862745098039214,9,0.5191119691119691,0.05096606150137985,0.6431829691771753,7
2507.11988_graph,32,37,0.07459677419354839,2.3125,0.0,4.493322035092585,5,0.875,3.314814814814815,6,0.20461309523809523,-0.31334149326805405,0.5346122643624439,9
2504.08066_graph,81,143,0.0441358024691358,3.5308641975308643,0.0,5.809143042326166,4,0.8641975308641975,3.275776397515528,8,0.4500018537055574,-0.22762063725407264,0.639383290083025,10
2505.00675_graph,257,455,0.01383146887159533,3.5408560311284045,0.0,7.162138113071101,55,0.28793774319066145,2.571640133283969,7,0.2733716526518083,0.09088536362052703,0.7476799518753166,57
2507.07957_graph,37,61,0.0915915915915916,3.2972972972972974,0.0,4.75779115071432,6,0.5405405405405406,2.6526315789473682,4,0.4147420147420148,0.4386756164737526,0.6363482084985074,9
2507.10281_graph,115,171,0.02608695652173913,2.973913043478261,0.0,6.388807259705362,13,0.591304347826087,3.514486391571554,8,0.32011857707509883,-0.219269823606046,0.773128956386903,16
2503.22625_graph,185,244,0.014336075205640423,2.637837837837838,0.0,7.079260496306368,21,0.4756756756756757,4.155172413793103,11,0.35894168894168893,-0.03373160022876924,0.8421609397231402,26
2505.14738_graph,39,60,0.08097165991902834,3.076923076923077,0.0,5.050222422004224,4,0.3333333333333333,2.1538461538461537,4,0.19304029304029305,-0.4076015727391875,0.709438948477897,5
2504.12516_graph,14,21,0.23076923076923078,3,0.0,3.5950806738415215,2,0.8571428571428571,2.1818181818181817,4,0.33333333333333337,0.0933117583603015,0.37352579033447936,4
2505.23723_graph,95,173,0.0387458006718925,3.642105263157895,0.0,6.070690122817871,10,0.4631578947368421,2.2864693446088795,4,0.4452169273221905,-0.1771472197294052,0.7036321538230013,11
2504.19413_graph,42,93,0.10801393728222997,4.428571428571429,0.0,5.101464349244837,4,0.5,1.9904761904761905,4,0.4966639180924895,0.14991229694836916,0.5481687066834522,6
2505.14069_graph,60,175,0.09887005649717515,5.833333333333333,0.0,5.181570477701154,5,0.7166666666666667,2.3300110741971207,5,0.3072525069189237,-0.4185267871499902,0.2816520158957276,7
2504.15257_graph,41,68,0.08292682926829269,3.317073170731707,0.0,5.080726692418445,5,0.34146341463414637,1.8681318681318682,3,0.5349699081406398,-0.18152953823845608,0.7111855438773675,5
2504.20406_graph,30,32,0.0735632183908046,2.1333333333333333,0.0,4.628928031846025,6,0.43333333333333335,2.2051282051282053,4,0.2033333333333333,0.08005822416302766,0.6495992119132573,7
2505.22954_graph,53,83,0.0602322206095791,3.1320754716981134,0.0,5.317539992977046,5,0.7169811320754716,3.1735419630156474,6,0.46454488907319097,-0.275501842952835,0.5996517760336139,8
2504.16078_graph,56,59,0.03831168831168831,2.107142857142857,0.0,5.313208436474234,10,0.5,3.484126984126984,6,0.1966117216117216,-0.2083333333333335,0.7406020799151113,12
2506.09656_graph,224,437,0.017496796925048047,3.9017857142857144,0.0,7.403217474977097,20,0.24553571428571427,3.9393939393939394,9,0.39752251716537435,0.11706558180573809,0.871697849606019,26
2507.03904_graph,111,156,0.025552825552825554,2.810810810810811,0.0,6.430179390208174,13,0.21621621621621623,2.286231884057971,4,0.27082797082797083,-0.250662612863233,0.8619647824482705,14
2504.14603_graph,116,162,0.024287856071964018,2.793103448275862,0.0,6.335752912695811,9,0.6120689655172413,3.8748490945674043,9,0.3206116201805857,-0.27331670324999746,0.8087408945545597,12
2504.16736_graph,163,192,0.014542149511474665,2.355828220858896,0.0,6.8130073894017436,22,0.6012269938650306,6.139070061014096,12,0.24318353766206527,-0.250411948953673,0.8455773039050972,27
2505.14674_graph,52,81,0.06108597285067873,3.1153846153846154,0.0,5.380335958806536,4,0.6923076923076923,3.2396825396825397,7,0.34745254745254744,-0.24593758874199356,0.6607665126940291,6
2506.09755_graph,40,102,0.13076923076923078,5.1,0.0,5.067417845240779,5,0.5,1.7263157894736842,3,0.5040241702741703,-0.07413065491346228,0.44314678454909134,5
2505.22101_graph,15,23,0.21904761904761905,3.066666666666667,0.0,3.6780434128052506,3,0.6666666666666666,2.066666666666667,4,0.5977777777777777,0.6335627663061287,0.488582157497105,4
2507.04037_graph,138,384,0.04062202475404633,5.565217391304348,0.0,6.593010228282944,2,0.9927536231884058,3.653821382567626,8,0.4070094472648763,-0.15087125701314322,0.598600696241508,9
2505.02387_graph,77,350,0.11961722488038277,9.090909090909092,0.0,5.644340536996468,8,0.7662337662337663,2.5996493278784336,6,0.5804265530901042,-0.16178779621566236,0.3899600763945268,9
2504.07872_graph,88,155,0.04049111807732497,3.522727272727273,0.0,5.960374527680575,7,0.8409090909090909,3.9888930025916327,8,0.434485766758494,-0.25501737135666525,0.6819109206936559,12
2504.14870_graph,47,89,0.08233117483811286,3.7872340425531914,0.0,5.193187818207459,4,0.8085106382978723,3.681365576102418,8,0.49580762027570535,-0.1643649442644557,0.6037079076398116,7
2507.15815_graph,59,79,0.046171829339567504,2.6779661016949152,0.0,5.604308616194893,8,0.4576271186440678,3.3732193732193734,7,0.3606941081517353,-0.07192248480051486,0.7459697410768061,10
